
INSERT INTO Perfil (Id, Nome, Descricao) VALUES('61978FF8-3FC1-4AEA-8F67-98F8C7306DB1', 'Admin', 'Este perfil é para o Administrador');
INSERT INTO Perfil (Id, Nome, Descricao) VALUES('DB964F8C-D3BE-4E23-A2E4-10AACC0FEC99', 'Gerente', 'Gerente');
INSERT INTO Perfil (Id, Nome, Descricao) VALUES('BEB5ED56-E3C6-408D-90F8-1DAB1CDBC5B9', 'Analista', 'Gerente Projeto');
-------------------------------------------------------------------------------------------------------------------------------------------------
-------------------------------------------------------------------------------------------------------------------------------------------------
-------------------------------------------------------------------------------------------------------------------------------------------------
INSERT INTO Gerencia (Id, NomeGerencia, Superintendencia) VALUES('78AF38CA-0CF6-4727-A45D-279E9FD6C1FC', 'GEMPI', 'SUSIS');
INSERT INTO Gerencia (Id, NomeGerencia, Superintendencia) VALUES('E13374BC-8931-4770-A2D8-843A4512FFC4', 'GERIN', 'SUSIS');
INSERT INTO Gerencia (Id, NomeGerencia, Superintendencia) VALUES('B4908305-0950-4FA0-B345-3EF6CB6CB592', 'GECRE', 'SUSIS');
INSERT INTO Gerencia (Id, NomeGerencia, Superintendencia) VALUES('27B276D9-94D1-4C3E-AAC0-25C2B6CFF407', 'GECAU', 'SUSIS');
-------------------------------------------------------------------------------------------------------------------------------------------------
-------------------------------------------------------------------------------------------------------------------------------------------------
-------------------------------------------------------------------------------------------------------------------------------------------------
INSERT INTO Usuario (Id, Nome, Email, GerenciaId, Matricula, SenhaHash, Ativo, CriadoEm, AtualizadoEm) VALUES('BAA76A7D-83C7-4228-BC95-8C8D0102F06B', 'Luis Felipe Rocha Guimarães', 'feliperochaguimaraes@gmail.com', '78AF38CA-0CF6-4727-A45D-279E9FD6C1FC', '4161-0', '$2a$11$yevTshoRZ9dwHe4NkjZrSuwM5QQeW.6Aw7GP/o/debskFQEGf/FY.', 1, '2025-07-28 19:57:13.3826669', NULL);
INSERT INTO Usuario (Id, Nome, Email, GerenciaId, Matricula, SenhaHash, Ativo, CriadoEm, AtualizadoEm) VALUES('A336CA87-8AAD-4AAF-B2BC-9409F2CC69E9', 'Emanuela', 'evssilva@banparanet.com.br', '78AF38CA-0CF6-4727-A45D-279E9FD6C1FC', '52515', '$2a$11$r3afnPByqP8IAcmdYBhG/uXsvXiVg8a3g0U3FQuulYARdib3vy0NK', 1, '2025-07-31 12:21:08.8494437', NULL);
-------------------------------------------------------------------------------------------------------------------------------------------------
-------------------------------------------------------------------------------------------------------------------------------------------------
-------------------------------------------------------------------------------------------------------------------------------------------------
INSERT INTO UsuarioPerfil (PerfilId, UsuarioId) VALUES('61978FF8-3FC1-4AEA-8F67-98F8C7306DB1', 'BAA76A7D-83C7-4228-BC95-8C8D0102F06B');
INSERT INTO UsuarioPerfil (PerfilId, UsuarioId) VALUES('DB964F8C-D3BE-4E23-A2E4-10AACC0FEC99', 'A336CA87-8AAD-4AAF-B2BC-9409F2CC69E9');
-------------------------------------------------------------------------------------------------------------------------------------------------
-------------------------------------------------------------------------------------------------------------------------------------------------
-------------------------------------------------------------------------------------------------------------------------------------------------
INSERT INTO Funcionalidade (Id, Nome, Descricao) VALUES('843485FF-71CB-40D6-A9CA-2CCB9D6B3AFD', 'T_DASH', 'Dashboard');
-------------------------------------------------------------------------------------------------------------------------------------------------
INSERT INTO Funcionalidade (Id, Nome, Descricao) VALUES('06ECCB16-CE17-424B-BD4E-1953457CD1C4', 'T_LIS_ATI', 'Listar > Atividade');
INSERT INTO Funcionalidade (Id, Nome, Descricao) VALUES('12664F94-E794-4435-9C45-B660D9C2A896', 'T_CAD_ATI', 'Cadastro > Atividade');
INSERT INTO Funcionalidade (Id, Nome, Descricao) VALUES('503EB31B-81FF-4707-B9D8-1E7682C46446', 'T_ALT_ATI', 'Alterar > Atividade');
INSERT INTO Funcionalidade (Id, Nome, Descricao) VALUES('614264C4-AD32-4C3E-92E9-5F8F025B4BA0', 'T_DEL_ATI', 'Apagar > Atividade');
-------------------------------------------------------------------------------------------------------------------------------------------------
INSERT INTO Funcionalidade (Id, Nome, Descricao) VALUES('93C9BF86-8D34-42C9-9E8A-1F1482B31AD7', 'T_LIS_FUN', 'Listar > Funcionalidades');
INSERT INTO Funcionalidade (Id, Nome, Descricao) VALUES('6A7F78DE-1DB1-4B60-9F1E-BF68AA29464F', 'T_CAD_FUN', 'Cadastro > Funcionalidades');
INSERT INTO Funcionalidade (Id, Nome, Descricao) VALUES('C3390B03-3150-42AE-96FA-670DFF1EC6B0', 'T_ALT_FUN', 'Alterar > Funcionalidades');
INSERT INTO Funcionalidade (Id, Nome, Descricao) VALUES('60A3FE9F-E42F-4E56-9F65-90BE0FD335F4', 'T_DEL_FUN', 'Apagar > Funcionalidades');
-------------------------------------------------------------------------------------------------------------------------------------------------
INSERT INTO Funcionalidade (Id, Nome, Descricao) VALUES('8BA73E60-47A9-4A79-904F-1BC2B4D2901C', 'T_LIS_PER', 'Listar > Perfil');
INSERT INTO Funcionalidade (Id, Nome, Descricao) VALUES('A49D7BF9-52C7-4C85-AA7A-480C20EAF1BC', 'T_CAD_PER', 'Cadastro > Perfil');
INSERT INTO Funcionalidade (Id, Nome, Descricao) VALUES('52062C26-F556-429A-84CC-DF5D2FAA3F65', 'T_ALT_PER', 'Alterar > Perfil');
INSERT INTO Funcionalidade (Id, Nome, Descricao) VALUES('DB41444F-147B-44E7-A463-ACACD9884DA5', 'T_DEL_PER', 'Apagar > Perfil');
-------------------------------------------------------------------------------------------------------------------------------------------------
INSERT INTO Funcionalidade (Id, Nome, Descricao) VALUES('E3C888DC-1739-4211-9BB2-C84C5A69B91D', 'T_LIS_TAR', 'Listar > Tarefa');
INSERT INTO Funcionalidade (Id, Nome, Descricao) VALUES('9C0FAEC2-4636-4531-B9FA-69071967F996', 'T_CAD_TAR', 'Cadastro > Tarefa');
INSERT INTO Funcionalidade (Id, Nome, Descricao) VALUES('3B5850AC-B555-435F-8AED-24D8887B6B1C', 'T_ALT_TAR', 'Alterar > Tarefa');
INSERT INTO Funcionalidade (Id, Nome, Descricao) VALUES('7A3BDBA2-B583-49F2-BB76-59AC26B2E855', 'T_DEL_TAR', 'Deletar > Tarefa');
-------------------------------------------------------------------------------------------------------------------------------------------------
INSERT INTO Funcionalidade (Id, Nome, Descricao) VALUES('41C269D1-E6C8-470F-ACD1-7721D6FDA917', 'T_LIS_FOR', 'Listar > Fornecedor');
INSERT INTO Funcionalidade (Id, Nome, Descricao) VALUES('9D2232CD-84AF-4FCA-B754-2A7CDC5211C8', 'T_CAD_FOR', 'Cadastro > Fornecedor');
INSERT INTO Funcionalidade (Id, Nome, Descricao) VALUES('73E1779B-91D2-47CE-9B65-39101262CC9C', 'T_ALT_FOR', 'Alterar > Fornecedor');
INSERT INTO Funcionalidade (Id, Nome, Descricao) VALUES('D1A72BD6-69D1-4346-BC49-F2705FFBFE9C', 'T_DEL_FOR', 'Deletar > Fornecedor');
-------------------------------------------------------------------------------------------------------------------------------------------------
INSERT INTO Funcionalidade (Id, Nome, Descricao) VALUES('188C8D70-41FF-4BBF-AB20-5635A8E6DB09', 'T_LIS_CON', 'Listar > Contrato');
INSERT INTO Funcionalidade (Id, Nome, Descricao) VALUES('959C38A5-C077-42B7-99C0-DDD88DB46522', 'T_CAD_CON', 'Cadastro > Contrato');
INSERT INTO Funcionalidade (Id, Nome, Descricao) VALUES('8049C933-3090-4466-9E76-4F059F24AC67', 'T_ALT_CON', 'Alterar > Contrato');
INSERT INTO Funcionalidade (Id, Nome, Descricao) VALUES('52369A82-D549-44E6-848D-E39C71B33A93', 'T_DEL_CON', 'Deletar > Contrato');
-------------------------------------------------------------------------------------------------------------------------------------------------
INSERT INTO Funcionalidade (Id, Nome, Descricao) VALUES('626B5E3B-A77E-42E4-911D-81674A8C1C6D', 'T_LIS_SOF', 'Listar > Software');
INSERT INTO Funcionalidade (Id, Nome, Descricao) VALUES('A5EB9C8A-6336-4CBC-820E-822FA4612490', 'T_CAD_SOF', 'Cadastro > Software');
INSERT INTO Funcionalidade (Id, Nome, Descricao) VALUES('5F1CE2D7-1401-4EB5-8894-3C08A3E1577A', 'T_ALT_SOF', 'Alterar > Software');
INSERT INTO Funcionalidade (Id, Nome, Descricao) VALUES('239C690B-6281-4D5E-97C3-A38DE5061038', 'T_DEL_SOF', 'Deletar > Software');
-------------------------------------------------------------------------------------------------------------------------------------------------
INSERT INTO Funcionalidade (Id, Nome, Descricao) VALUES('601ECEF0-0992-4890-AAFE-0EA7DDD27051', 'T_LIS_CAT', 'Listar > Catalogo');
INSERT INTO Funcionalidade (Id, Nome, Descricao) VALUES('F8BF3FAE-B6F4-47C3-9ACB-601EB72F2C07', 'T_CAD_CAT', 'Cadastro > Catalogo');
INSERT INTO Funcionalidade (Id, Nome, Descricao) VALUES('F69D51BB-6819-4FD4-8C99-6E7C1B6E9486', 'T_ALT_CAT', 'Alterar > Catalogo');
INSERT INTO Funcionalidade (Id, Nome, Descricao) VALUES('6B2B5EFB-F2E0-4CB6-9BAB-B4E876C7E8FC', 'T_DEL_CAT', 'Deletar > Catalogo');
-------------------------------------------------------------------------------------------------------------------------------------------------
INSERT INTO Funcionalidade (Id, Nome, Descricao) VALUES('664CC38A-CA90-4581-B862-BD086CEA9836', 'T_LIS_USU', 'Listar > Usuário');
INSERT INTO Funcionalidade (Id, Nome, Descricao) VALUES('33C03B03-9E11-499B-AC91-DB96F9A2E3A3', 'T_CAD_USU', 'Cadastrar > Usuário');
-------------------------------------------------------------------------------------------------------------------------------------------------
INSERT INTO Funcionalidade (Id, Nome, Descricao) VALUES('B4A3C9A2-9838-41F9-B816-57EAF32123F1', 'T_LIS_GER', 'Listar > Gerencia');
INSERT INTO Funcionalidade (Id, Nome, Descricao) VALUES('53D7CFAD-4F3B-496B-A4BF-52665184F3E6', 'T_CAD_GER', 'Cadastro > Gerencia');
INSERT INTO Funcionalidade (Id, Nome, Descricao) VALUES('26A746BE-3EA0-40DD-B841-0BB6A4948581', 'T_ALT_GER', 'Alterar > Gerencia');
INSERT INTO Funcionalidade (Id, Nome, Descricao) VALUES('CC33FAC5-3FDB-4B51-BC45-BA24973F20CB', 'T_DEL_GER', 'Deletar > Gerencia');
-------------------------------------------------------------------------------------------------------------------------------------------------
-------------------------------------------------------------------------------------------------------------------------------------------------
-------------------------------------------------------------------------------------------------------------------------------------------------
INSERT INTO PerfilFuncionalidade (FuncionalidadeId, PerfilId) VALUES('06ECCB16-CE17-424B-BD4E-1953457CD1C4','61978FF8-3FC1-4AEA-8F67-98F8C7306DB1');
INSERT INTO PerfilFuncionalidade (FuncionalidadeId, PerfilId) VALUES('12664F94-E794-4435-9C45-B660D9C2A896','61978FF8-3FC1-4AEA-8F67-98F8C7306DB1');
INSERT INTO PerfilFuncionalidade (FuncionalidadeId, PerfilId) VALUES('188C8D70-41FF-4BBF-AB20-5635A8E6DB09','61978FF8-3FC1-4AEA-8F67-98F8C7306DB1');
INSERT INTO PerfilFuncionalidade (FuncionalidadeId, PerfilId) VALUES('239C690B-6281-4D5E-97C3-A38DE5061038','61978FF8-3FC1-4AEA-8F67-98F8C7306DB1');
INSERT INTO PerfilFuncionalidade (FuncionalidadeId, PerfilId) VALUES('26A746BE-3EA0-40DD-B841-0BB6A4948581','61978FF8-3FC1-4AEA-8F67-98F8C7306DB1');
INSERT INTO PerfilFuncionalidade (FuncionalidadeId, PerfilId) VALUES('33C03B03-9E11-499B-AC91-DB96F9A2E3A3','61978FF8-3FC1-4AEA-8F67-98F8C7306DB1');
INSERT INTO PerfilFuncionalidade (FuncionalidadeId, PerfilId) VALUES('3B5850AC-B555-435F-8AED-24D8887B6B1C','61978FF8-3FC1-4AEA-8F67-98F8C7306DB1');
INSERT INTO PerfilFuncionalidade (FuncionalidadeId, PerfilId) VALUES('41C269D1-E6C8-470F-ACD1-7721D6FDA917','61978FF8-3FC1-4AEA-8F67-98F8C7306DB1');
INSERT INTO PerfilFuncionalidade (FuncionalidadeId, PerfilId) VALUES('503EB31B-81FF-4707-B9D8-1E7682C46446','61978FF8-3FC1-4AEA-8F67-98F8C7306DB1');
INSERT INTO PerfilFuncionalidade (FuncionalidadeId, PerfilId) VALUES('52062C26-F556-429A-84CC-DF5D2FAA3F65','61978FF8-3FC1-4AEA-8F67-98F8C7306DB1');
INSERT INTO PerfilFuncionalidade (FuncionalidadeId, PerfilId) VALUES('52369A82-D549-44E6-848D-E39C71B33A93','61978FF8-3FC1-4AEA-8F67-98F8C7306DB1');
INSERT INTO PerfilFuncionalidade (FuncionalidadeId, PerfilId) VALUES('53D7CFAD-4F3B-496B-A4BF-52665184F3E6','61978FF8-3FC1-4AEA-8F67-98F8C7306DB1');
INSERT INTO PerfilFuncionalidade (FuncionalidadeId, PerfilId) VALUES('5F1CE2D7-1401-4EB5-8894-3C08A3E1577A','61978FF8-3FC1-4AEA-8F67-98F8C7306DB1');
INSERT INTO PerfilFuncionalidade (FuncionalidadeId, PerfilId) VALUES('601ECEF0-0992-4890-AAFE-0EA7DDD27051','61978FF8-3FC1-4AEA-8F67-98F8C7306DB1');
INSERT INTO PerfilFuncionalidade (FuncionalidadeId, PerfilId) VALUES('60A3FE9F-E42F-4E56-9F65-90BE0FD335F4','61978FF8-3FC1-4AEA-8F67-98F8C7306DB1');
INSERT INTO PerfilFuncionalidade (FuncionalidadeId, PerfilId) VALUES('614264C4-AD32-4C3E-92E9-5F8F025B4BA0','61978FF8-3FC1-4AEA-8F67-98F8C7306DB1');
INSERT INTO PerfilFuncionalidade (FuncionalidadeId, PerfilId) VALUES('626B5E3B-A77E-42E4-911D-81674A8C1C6D','61978FF8-3FC1-4AEA-8F67-98F8C7306DB1');
INSERT INTO PerfilFuncionalidade (FuncionalidadeId, PerfilId) VALUES('664CC38A-CA90-4581-B862-BD086CEA9836','61978FF8-3FC1-4AEA-8F67-98F8C7306DB1');
INSERT INTO PerfilFuncionalidade (FuncionalidadeId, PerfilId) VALUES('6A7F78DE-1DB1-4B60-9F1E-BF68AA29464F','61978FF8-3FC1-4AEA-8F67-98F8C7306DB1');
INSERT INTO PerfilFuncionalidade (FuncionalidadeId, PerfilId) VALUES('6B2B5EFB-F2E0-4CB6-9BAB-B4E876C7E8FC','61978FF8-3FC1-4AEA-8F67-98F8C7306DB1');
INSERT INTO PerfilFuncionalidade (FuncionalidadeId, PerfilId) VALUES('73E1779B-91D2-47CE-9B65-39101262CC9C','61978FF8-3FC1-4AEA-8F67-98F8C7306DB1');
INSERT INTO PerfilFuncionalidade (FuncionalidadeId, PerfilId) VALUES('7A3BDBA2-B583-49F2-BB76-59AC26B2E855','61978FF8-3FC1-4AEA-8F67-98F8C7306DB1');
INSERT INTO PerfilFuncionalidade (FuncionalidadeId, PerfilId) VALUES('8049C933-3090-4466-9E76-4F059F24AC67','61978FF8-3FC1-4AEA-8F67-98F8C7306DB1');
INSERT INTO PerfilFuncionalidade (FuncionalidadeId, PerfilId) VALUES('843485FF-71CB-40D6-A9CA-2CCB9D6B3AFD','61978FF8-3FC1-4AEA-8F67-98F8C7306DB1');
INSERT INTO PerfilFuncionalidade (FuncionalidadeId, PerfilId) VALUES('8BA73E60-47A9-4A79-904F-1BC2B4D2901C','61978FF8-3FC1-4AEA-8F67-98F8C7306DB1');
INSERT INTO PerfilFuncionalidade (FuncionalidadeId, PerfilId) VALUES('93C9BF86-8D34-42C9-9E8A-1F1482B31AD7','61978FF8-3FC1-4AEA-8F67-98F8C7306DB1');
INSERT INTO PerfilFuncionalidade (FuncionalidadeId, PerfilId) VALUES('959C38A5-C077-42B7-99C0-DDD88DB46522','61978FF8-3FC1-4AEA-8F67-98F8C7306DB1');
INSERT INTO PerfilFuncionalidade (FuncionalidadeId, PerfilId) VALUES('9C0FAEC2-4636-4531-B9FA-69071967F996','61978FF8-3FC1-4AEA-8F67-98F8C7306DB1');
INSERT INTO PerfilFuncionalidade (FuncionalidadeId, PerfilId) VALUES('9D2232CD-84AF-4FCA-B754-2A7CDC5211C8','61978FF8-3FC1-4AEA-8F67-98F8C7306DB1');
INSERT INTO PerfilFuncionalidade (FuncionalidadeId, PerfilId) VALUES('A49D7BF9-52C7-4C85-AA7A-480C20EAF1BC','61978FF8-3FC1-4AEA-8F67-98F8C7306DB1');
INSERT INTO PerfilFuncionalidade (FuncionalidadeId, PerfilId) VALUES('A5EB9C8A-6336-4CBC-820E-822FA4612490','61978FF8-3FC1-4AEA-8F67-98F8C7306DB1');
INSERT INTO PerfilFuncionalidade (FuncionalidadeId, PerfilId) VALUES('B4A3C9A2-9838-41F9-B816-57EAF32123F1','61978FF8-3FC1-4AEA-8F67-98F8C7306DB1');
INSERT INTO PerfilFuncionalidade (FuncionalidadeId, PerfilId) VALUES('C3390B03-3150-42AE-96FA-670DFF1EC6B0','61978FF8-3FC1-4AEA-8F67-98F8C7306DB1');
INSERT INTO PerfilFuncionalidade (FuncionalidadeId, PerfilId) VALUES('CC33FAC5-3FDB-4B51-BC45-BA24973F20CB','61978FF8-3FC1-4AEA-8F67-98F8C7306DB1');
INSERT INTO PerfilFuncionalidade (FuncionalidadeId, PerfilId) VALUES('D1A72BD6-69D1-4346-BC49-F2705FFBFE9C','61978FF8-3FC1-4AEA-8F67-98F8C7306DB1');
INSERT INTO PerfilFuncionalidade (FuncionalidadeId, PerfilId) VALUES('DB41444F-147B-44E7-A463-ACACD9884DA5','61978FF8-3FC1-4AEA-8F67-98F8C7306DB1');
INSERT INTO PerfilFuncionalidade (FuncionalidadeId, PerfilId) VALUES('E3C888DC-1739-4211-9BB2-C84C5A69B91D','61978FF8-3FC1-4AEA-8F67-98F8C7306DB1');
INSERT INTO PerfilFuncionalidade (FuncionalidadeId, PerfilId) VALUES('F69D51BB-6819-4FD4-8C99-6E7C1B6E9486','61978FF8-3FC1-4AEA-8F67-98F8C7306DB1');
INSERT INTO PerfilFuncionalidade (FuncionalidadeId, PerfilId) VALUES('F8BF3FAE-B6F4-47C3-9ACB-601EB72F2C07','61978FF8-3FC1-4AEA-8F67-98F8C7306DB1');
-------------------------------------------------------------------------------------------------------------------------------------------------
-------------------------------------------------------------------------------------------------------------------------------------------------
-------------------------------------------------------------------------------------------------------------------------------------------------
INSERT INTO Software (Id, ProdutoSoftware, Nome, Situacao, Descricao, Segmento, Tipo, LicencaSoftware, Tecnologia, Descontinuado, EntrarCatalogo, ContratoId) VALUES('03693087-F313-4F3A-9EB4-4D0B993540E7', 'ADMAcesso', 'ADMAcesso', 'Ativo', 'Responsável por centralizar e auditar a manutenção de todos os perfis e usuários que utilizam a relação de sistemas informada acima. Nesse sentido, o ADMACESSO efetua o cadastramento e controle desses sistemas, bem como as respectivas transações e funções existentes para que seja definido o perfil dos diversos usuários. Além disso, efetua, também, o cadastro de informações das empresas que estejam utilizando o Sistema.  ', 'Meios de Pagamentos', 'Desktop', 'Não', 'Delphi 7 e 10 Seattle 10', '0001-01-01 00:00:00', 'Sim', NULL);
INSERT INTO Software (Id, ProdutoSoftware, Nome, Situacao, Descricao, Segmento, Tipo, LicencaSoftware, Tecnologia, Descontinuado, EntrarCatalogo, ContratoId) VALUES('0D8D1688-3BA5-4605-96E9-AB7CF06586D3', 'ADMCCF', 'ADMCCF (Desktop)', 'Ativo', 'Sistema de Controle do Cadastro de Emitentes de Cheques sem Fundos), por sua vez, tem a finalidade de controlar a inclusão e a exclusão de clientes no CCF (Cadastro de Emitentes de Cheques sem Fundos) para cheques devolvidos de quaisquer dos Bancos integrantes do Sistema de Compensação Brasileiro. Efetua controles de recebimento e geração de arquivos, processamento de carga e geração de arquivos contendo os cheques incluídos e excluídos, realiza consulta de correntistas que possuem restrição na Instituição Financeira, inclusive informando se determinado correntista possui cheques de outros Bancos. Possui interface via Intranet para inclusão de informações pelas Agências. Possui rotina de recebimentos de cheques a excluir via interface com o Sistema de Automação Bancária, possui rotina de remessa do arquivo CCF607 para o Banco do Brasil contendo a movimentação de inclusões e exclusões efetuadas diariamente, possui rotina de recebimento do arquivo CCF617 — arquivo de retorno do Banco do Brasil com os cheques aceitos para serem incluídos no Serasa ou, ainda, excluídos. Possui também rotina de recebimento do arquivo CCF627 — retorno do Banco do Brasil referente aos registros de inclusões e exclusões de cheques rejeitados que tenham sido enviados no dia anterior através do processamento da remessa CCF607.', 'Meios de Pagamentos', 'Desktop', 'Não', 'Delphi 7 e 10 Seattle 10', '0001-01-01 00:00:00', 'Sim', NULL);
INSERT INTO Software (Id, ProdutoSoftware, Nome, Situacao, Descricao, Segmento, Tipo, LicencaSoftware, Tecnologia, Descontinuado, EntrarCatalogo, ContratoId) VALUES('1E5187D1-D2A3-4259-9267-1BC4595C2BD3', 'AdmCombustível', 'AdmCombustível', 'Descontinuado', 'Consiste em um sistema de controle de vendas de combustíveis para abastecimento de Ativos (Automóvel, Embarcação, Avião) de Prefeituras e empresas privadas via Rede BCard (rede de cartão de crédito e débito em estabelecimentos comerciais conveniados com o Banpará), possuindo interfaces com tais entidades e com a Solução de Internet Banking do Banpará para recepção de informações sobre veículos e limites, além de interfaces com o Sistema de Cartões, com o Sistema de Automação Bancária para verificação de saldo, com o Sistema de Contas Correntes para Prestação de Contas e com a Solução de Internet Banking do Banpará direcionada especificamente ao produto Cartão Combustível (IBCC). ', 'Meios de Pagamentos', 'Desktop', 'Não', 'Delphi 7 e 10 Seattle 10', '0001-01-01 00:00:00', 'Não', NULL);
INSERT INTO Software (Id, ProdutoSoftware, Nome, Situacao, Descricao, Segmento, Tipo, LicencaSoftware, Tecnologia, Descontinuado, EntrarCatalogo, ContratoId) VALUES('1047E8B4-DD1A-4CAF-9D02-BDF03BB357D2', 'APACAM', 'APACAM', 'Descontinuado', 'Instalado na Associação Paraense de Proteção ao Câncer de Mama. Semelhante ao MS CLIENTE, Enviando arquivo para o Banpará.', 'Meios de Pagamentos', 'Desktop', 'Não', 'Delphi 7 e 10 Seattle 10', '0001-01-01 00:00:00', 'Não', NULL);
INSERT INTO Software (Id, ProdutoSoftware, Nome, Situacao, Descricao, Segmento, Tipo, LicencaSoftware, Tecnologia, Descontinuado, EntrarCatalogo, ContratoId) VALUES('3C649D15-A913-48B9-BB04-41118EDABC15', 'ADMCCF', 'CCFMLT (serviço)', 'Ativo', 'Controla a integração do ADMCCF, Multiserv e SCRC', 'Meios de Pagamentos', 'Desktop', 'Não', 'Delphi 7 e 10 Seatle  10', '0001-01-01 00:00:00', 'Sim', NULL);
INSERT INTO Software (Id, ProdutoSoftware, Nome, Situacao, Descricao, Segmento, Tipo, LicencaSoftware, Tecnologia, Descontinuado, EntrarCatalogo, ContratoId) VALUES('021F52F9-2E20-4423-94ED-C2ED2C0DF2FA', 'Depósito Judicial', 'Depósito Judicial', 'Ativo', 'Trata-se de sistema responsável pelos pagamentos e recebimentos de créditos bancários relacionados a depósito judicial pertinente ao TJE-PA (Tribunal de Justiça do Estado do Pará). Possui interfaces para recepção de arquivos de movimento do TJE contendo as informações sobre cadastros e créditos bancários a serem pagos no Banpará e em outros Bancos para clientes pessoas físicas e jurídicas autorizados pelo Tribunal, havendo diariamente pagamentos e prestação de contas nas modalidades Conta Corrente, TED, DOC e Recibo, através de integração com os respectivos sistemas internos do Banpará — Sistema de Contas Correntes, Sistema de Compensação, SPB (Sistema de Pagamento Brasileiro), além do Sistema de Automação Bancária e do Sistema de Contabilidade Bancária, dentre outros —, sendo promovida a devolução ao TJE-PA via relatório, caso o cliente não tenha retirado o crédito dentro do prazo de disponibilidade.', 'Meios de Pagamentos', 'Desktop', 'Não', 'Delphi 7 e 10 Seatle  10', '0001-01-01 00:00:00', 'Sim', NULL);
INSERT INTO Software (Id, ProdutoSoftware, Nome, Situacao, Descricao, Segmento, Tipo, LicencaSoftware, Tecnologia, Descontinuado, EntrarCatalogo, ContratoId) VALUES('6AB13AA0-FB7C-4C7F-BDCF-CB1601D6D032', 'AdmCombustível', 'IBCC (serviço)', 'Descontinuado', 'Integração ADMCombustível ao Sistema Cartão combustível', 'Meios de Pagamentos', 'Desktop', 'Não', 'Delphi 7 e 10 Seatle  10', '0001-01-01 00:00:00', 'Não', NULL);
INSERT INTO Software (Id, ProdutoSoftware, Nome, Situacao, Descricao, Segmento, Tipo, LicencaSoftware, Tecnologia, Descontinuado, EntrarCatalogo, ContratoId) VALUES('105DCD93-D1D5-4BC9-9B00-6D05FBD46495', 'MultiCidadao', 'MultiCidadao', 'Ativo', 'Este consiste em um sistema de recebimentos e pagamentos de créditos bancários referentes ao programa do Governo do Estado do Pará intitulado Banco Cidadão. É responsável por receber do Banco do Cidadão o arquivo de movimento contendo as informações sobre cadastros e créditos Bancários a serem pagos no Banpará e em outros Bancos a clientes pessoas físicas e jurídicas aprovados por aquele programa de Governo, havendo diariamente pagamentos e prestação de contas nas modalidades Conta Corrente, TED, DOC e Recibo, através de integração com os respectivos sistemas internos do Banpará, sendo promovida a devolução ao Banco do Cidadão, caso o cliente não tenha retirado o crédito dentro do prazo de disponibilidade.', 'Meios de Pagamentos', 'Desktop', 'Não', 'Delphi 7 e 10 Seatle  10', '0001-01-01 00:00:00', 'Sim', NULL);
INSERT INTO Software (Id, ProdutoSoftware, Nome, Situacao, Descricao, Segmento, Tipo, LicencaSoftware, Tecnologia, Descontinuado, EntrarCatalogo, ContratoId) VALUES('8E097E43-9127-4FB2-B95C-D033C10AFB44', 'Multiserv', 'Multiserv Agência', 'Ativo', 'Este sistema atua de forma complementar aos três anteriores, provendo às agências bancárias funcionalidades como consultas, transferências, digitação de proventos e agendamento de proventos para outros Bancos, dentre outras. ', 'Meios de Pagamentos', 'Desktop', 'Não', 'Delphi 7 e 10 Seatle  10', '0001-01-01 00:00:00', 'Sim', NULL);
INSERT INTO Software (Id, ProdutoSoftware, Nome, Situacao, Descricao, Segmento, Tipo, LicencaSoftware, Tecnologia, Descontinuado, EntrarCatalogo, ContratoId) VALUES('03A42E2B-14E1-4E48-B93C-65CEA6842625', 'Multiserv', 'MULTISERV CLIENTE', 'Descontinuado', 'Trata-se de um sistema Desktop disponibilizado nas instituições clientes do Banpará, tanto públicas quanto privadas, com o objetivo de, em linhas gerais, viabilizar e gerir o processo relativo ao pagamento de proventos oriundos dessas entidades conveniadas, contemplando pagamento de salários, pensões alimentícias e previdenciárias, consignações e repasses de fundos da SEDUC-PA (Secretaria de Estado de Educação do Pará), fazendo a integração online ou através de arquivos com diversos sistemas do Banpará que são sensibilizados por crédito de proventos de clientes, tais como Sistema de Automação Bancária, Sistema de Contas Correntes e Sistemas de Crédito, dentre outros.', 'Meios de Pagamentos', 'Desktop', 'Não', 'Delphi 7 e 10 Seatle  10', '0001-01-01 00:00:00', 'Não', NULL);
INSERT INTO Software (Id, ProdutoSoftware, Nome, Situacao, Descricao, Segmento, Tipo, LicencaSoftware, Tecnologia, Descontinuado, EntrarCatalogo, ContratoId) VALUES('2A15509D-4237-4CC9-A756-94F3BD2EC5EA', 'Multiserv', 'Multiserv Gestão/Produção', 'Ativo', 'Este sistema gerencia o cadastro de empresas privadas, prefeituras e órgãos do Estado, enfim, quaisquer entidades públicas e privadas conveniadas com o Banpará, mediante parametrização completa dos produtos e serviços a serem disponibilizados pelo Banco, bem como define o fluxo financeiro e contábil dos pagamentos de proventos oriundos dessas empresas. Além disso, o MULTISERV GESTÃO E PRODUÇÃO também é responsável por realizar a validação dos arquivos oriundos de tais entidades, bem como por realizar o processamento e integração com diversos sistemas do Banpará, tais como Sistema de Automação Bancária, Sistema de Contas Correntes e Sistemas de Crédito, dentre outros. ', 'Meios de Pagamentos', 'Desktop', 'Não', 'Delphi 7 e 10 Seatle  10', '0001-01-01 00:00:00', 'Sim', NULL);
INSERT INTO Software (Id, ProdutoSoftware, Nome, Situacao, Descricao, Segmento, Tipo, LicencaSoftware, Tecnologia, Descontinuado, EntrarCatalogo, ContratoId) VALUES('53E51790-4B59-407B-87D5-89291AD258E3', 'Multiserv', 'Multiserv WEB', 'Ativo', 'Sistema de gestão do pagamento de proventos oriundos de entidades conveniadas, público ou privadas.', 'Meios de Pagamentos', 'web', 'Não', 'REACT / JAVA', '0001-01-01 00:00:00', 'Sim', NULL);
INSERT INTO Software (Id, ProdutoSoftware, Nome, Situacao, Descricao, Segmento, Tipo, LicencaSoftware, Tecnologia, Descontinuado, EntrarCatalogo, ContratoId) VALUES('5560A29A-104A-413F-AC38-9681F4829531', 'Multiserv', 'MultiservNet', 'Ativo', 'Trata-se de um sistema WEB disponibilizado as instituições clientes do Banpará, tanto públicas quanto privadas, com o objetivo de, em linhas gerais, viabilizar e gerir o processo relativo ao pagamento de proventos oriundos dessas entidades conveniadas, contemplando pagamento de salários, pensões alimentícias e previdenciárias, consignações e repasses de fundos da SEDUC-PA (Secretaria de Estado de Educação do Pará), fazendo a integração online ou através de arquivos com diversos sistemas do Banpará que são sensibilizados por crédito de proventos de clientes, tais como Sistema de Automação Bancária, Sistema de Contas Correntes e Sistemas de Crédito, dentre outros.', 'Meios de Pagamentos', 'web', 'Não', 'Java, JEE Hibernate - RMI, JSP, Servlets', '0001-01-01 00:00:00', 'Sim', NULL);
INSERT INTO Software (Id, ProdutoSoftware, Nome, Situacao, Descricao, Segmento, Tipo, LicencaSoftware, Tecnologia, Descontinuado, EntrarCatalogo, ContratoId) VALUES('1050B23B-0D47-4148-B122-5A55A59149A0', 'Nota Fiscal Cidadã', 'Nota Fiscal Cidadã', 'Descontinuado', 'Sistema responsável por receber arquivo da SEFA, processar e enviar p Multiserv o pagamento e gerar arquivo de retorno com a situação do pagamento ', 'Meios de Pagamentos', 'Desktop', 'Não', 'Delphi 7 e 10 Seatle  10', '0001-01-01 00:00:00', 'Não', NULL);
INSERT INTO Software (Id, ProdutoSoftware, Nome, Situacao, Descricao, Segmento, Tipo, LicencaSoftware, Tecnologia, Descontinuado, EntrarCatalogo, ContratoId) VALUES('F848AADE-B515-45F7-87D4-E20AB31ED1A6', 'SEFAREP', 'SEFA - Importação de Associações', 'Ativo', 'Importação automática dos arquivos da SEFA e das prefeituras de valores de repasse a credores no sistema SEFAREP', 'Meios de Pagamentos', 'Desktop', 'Não', 'Delphi 7 e 10 Seatle  10', '0001-01-01 00:00:00', 'Sim', NULL);
INSERT INTO Software (Id, ProdutoSoftware, Nome, Situacao, Descricao, Segmento, Tipo, LicencaSoftware, Tecnologia, Descontinuado, EntrarCatalogo, ContratoId) VALUES('6A96E4FF-4933-48AC-A64E-C96676BC37A5', 'SEFAREP', 'SEFAREP', 'Ativo', 'Sistema responsável pelo controle de repasse dos impostos ICMS, IPVA e IPI para Prefeituras Municipais e prestadores de serviços dos Munícipios. Possui interfaces para recepção de arquivos da SEFA-PA (Secretaria de Estado da Fazenda do Estado do Pará) e interfaces para recepção de arquivos dos prestadores de serviços e dos Municípios, contendo as informações sobre Cadastros e Créditos Bancários a serem pagos no Banpará e em outros Bancos através de conta corrente, DOC e TED, mediante integração com Sistema de Contas Correntes, Sistema de Compensação e SPB (Sistema de Pagamento Brasileiro).', 'Meios de Pagamentos', 'Desktop', 'Não', 'Delphi 7 e 10 Seatle  10', '0001-01-01 00:00:00', 'Sim', NULL);
INSERT INTO Software (Id, ProdutoSoftware, Nome, Situacao, Descricao, Segmento, Tipo, LicencaSoftware, Tecnologia, Descontinuado, EntrarCatalogo, ContratoId) VALUES('EF7D12AB-753E-4258-A50F-442F262B3BD6', 'PDCOMPE', 'PDCOMPE', 'Ativo', 'Responsável, em termos gerais, por todo o controle das trocas de arquivos com as empresas conveniadas com o BANPARÁ, participantes do módulo de pagamentos, assim como pela administração e o controle dos cadastros dos respectivos beneficiários (servidores, pensionistas, tomadores de empréstimos etc.), bem como de todo o processo relativo aos benefícios, desde o seu provisionamento até o saque total ou ainda a sua devolução para a empresa pagadora, caso o beneficiário não efetue o saque.', 'Meios de Pagamentos', 'Desktop', 'Não', 'VB6', '0001-01-01 00:00:00', 'Sim', NULL);
INSERT INTO Software (Id, ProdutoSoftware, Nome, Situacao, Descricao, Segmento, Tipo, LicencaSoftware, Tecnologia, Descontinuado, EntrarCatalogo, ContratoId) VALUES('EF93501A-A73C-4FDA-B6ED-449A7334EBEC', 'INSS', 'PDINSS', 'Ativo', 'Responsável, em termos gerais, por todo o controle das trocas de arquivos com as empresas conveniadas com o BANPARÁ, participantes do módulo de pagamentos, assim como pela administração e o controle dos cadastros dos respectivos beneficiários (servidores, pensionistas, tomadores de empréstimos etc.), bem como de todo o processo relativo aos benefícios, desde o seu provisionamento até o saque total ou ainda a sua devolução para a empresa pagadora, caso o beneficiário não efetue o saque.', 'Meios de Pagamentos', 'Desktop', 'Não', 'VB6', '0001-01-01 00:00:00', 'Sim', NULL);
INSERT INTO Software (Id, ProdutoSoftware, Nome, Situacao, Descricao, Segmento, Tipo, LicencaSoftware, Tecnologia, Descontinuado, EntrarCatalogo, ContratoId) VALUES('E47A7204-B81A-4E94-AA68-323EED496AED', 'PDSIPAE', 'PDSIPAE', 'Ativo', 'Responsável,  pelo controle das trocas de arquivos entre o BANPARÁ e o INSS — Instituto Nacional do Seguro Social —, com administração e controle dos cadastros dos beneficiários, bem como de todo o processo relativo aos benefícios, desde o seu provisionamento até o saque total ou mesmo a sua devolução para o INSS, caso o beneficiário não faça o seu saque.', 'Meios de Pagamentos', 'Desktop', 'Não', 'VB6', '0001-01-01 00:00:00', 'Sim', NULL);
INSERT INTO Software (Id, ProdutoSoftware, Nome, Situacao, Descricao, Segmento, Tipo, LicencaSoftware, Tecnologia, Descontinuado, EntrarCatalogo, ContratoId) VALUES('2B3419D1-FC15-4847-B5E2-B555286A103E', 'SISARC', 'SISARC', 'Ativo', 'Sistema responsável pelo gerenciamento das compensações de boletos bancários cujo cedente é o Banpará (sua remessa), concentrando os boletos enviados pela Câmara de Compensação (pagos em outros Bancos) e enviados pela Automação Bancária (pagos no Banpará), processando-os e posteriormente enviando arquivo de retorno para as suas devidas interfaces, sendo que, no caso de entidades externas que geram boletos de cobrança do Banpará (DETRAN, TJE etc.), o SISARC gera, além do arquivo de retorno, um arquivo para o Sistema de Contas Correntes contendo os lançamentos que deverão ser efetivados nas respectivas contas em função do recebimento dos boletos em questão.', 'Meios de Pagamentos', 'Desktop', 'Não', 'Delphi', '0001-01-01 00:00:00', 'Sim', NULL);
INSERT INTO Software (Id, ProdutoSoftware, Nome, Situacao, Descricao, Segmento, Tipo, LicencaSoftware, Tecnologia, Descontinuado, EntrarCatalogo, ContratoId) VALUES('B58F841D-6ADE-4556-94D3-CE8E1649EEED', 'Transmissaoweb', 'TransmissaoAssociacao', 'Descontinuado', 'Serviço que disponibiliza o arquivo na pasta do legado para processamento', 'Meios de Pagamentos', 'Serviço', 'Não', 'JAVA ', '0001-01-01 00:00:00', 'Não', NULL);
INSERT INTO Software (Id, ProdutoSoftware, Nome, Situacao, Descricao, Segmento, Tipo, LicencaSoftware, Tecnologia, Descontinuado, EntrarCatalogo, ContratoId) VALUES('CA56B7C7-7CF0-4A96-8A96-AA16D939D753', 'Transmissaoweb', 'Transmissaoweb', 'Descontinuado', 'Sistema responsável pelo gerenciamento de trocas de arquivos entre clientes de Convênio de Serviços do Banpará e o próprio Banpará através do seu departamento de Produção do Departamento de Tecnologia da Informação. Ao final de vários processos realizados pelos Sistemas legados do Banpará, arquivos são disponibilizados para serem enviados aos vários convênios. Os convênios, também através deste Sistema de Transmissão, controlam o envio e recebimento de arquivos.', 'Meios de Pagamentos', 'Serviço', 'Não', 'PHP', '0001-01-01 00:00:00', 'Não', NULL);
INSERT INTO Software (Id, ProdutoSoftware, Nome, Situacao, Descricao, Segmento, Tipo, LicencaSoftware, Tecnologia, Descontinuado, EntrarCatalogo, ContratoId) VALUES('6E7DC21A-6700-4174-8807-A04056C3D34A', 'INSS', 'WEBINSS', 'Ativo', 'Responsável, em termos gerais, por todo o controle das trocas de arquivos com as empresas conveniadas com o BANPARÁ, participantes do módulo de pagamentos, assim como pela administração e o controle dos cadastros dos respectivos beneficiários (servidores, pensionistas, tomadores de empréstimos etc.), bem como de todo o processo relativo aos benefícios, desde o seu provisionamento até o saque total ou ainda a sua devolução para a empresa pagadora, caso o beneficiário não efetue o saque.', 'Meios de Pagamentos', 'web', 'Não', 'C#.NET', '0001-01-01 00:00:00', 'Sim', NULL);
INSERT INTO Software (Id, ProdutoSoftware, Nome, Situacao, Descricao, Segmento, Tipo, LicencaSoftware, Tecnologia, Descontinuado, EntrarCatalogo, ContratoId) VALUES('3833361C-6CDB-4859-A519-16C26282DFB0', 'Transmissaoweb', 'WEBTransmissao', 'Ativo', 'Sistema responsável pelo gerenciamento de trocas de arquivos entre clientes de Convênio de Serviços do Banpará e o próprio Banpará através do seu departamento de Produção do Departamento de Tecnologia da Informação. Ao final de vários processos realizados pelos Sistemas legados do Banpará, arquivos são disponibilizados para serem enviados aos vários convênios. Os convênios, também através deste Sistema de Transmissão, controlam o envio e recebimento de arquivos.', 'Meios de Pagamentos', 'web', 'Não', 'C#.NET', '0001-01-01 00:00:00', 'Sim', NULL);
INSERT INTO Software (Id, ProdutoSoftware, Nome, Situacao, Descricao, Segmento, Tipo, LicencaSoftware, Tecnologia, Descontinuado, EntrarCatalogo, ContratoId) VALUES('18C52133-05E9-4F6A-9855-04C5C8AA3D06', 'SPB', 'CBRSEG - Serviço de aplicativo do Controle de Acesso e Segurança', 'Ativo', 'Serviço de Aplicativo do Controle de Acesso e Segurança do Sistema SPB', 'Segurança ', 'Desktop', 'Não', 'Delphi', '0001-01-01 00:00:00', 'Sim', NULL);
INSERT INTO Software (Id, ProdutoSoftware, Nome, Situacao, Descricao, Segmento, Tipo, LicencaSoftware, Tecnologia, Descontinuado, EntrarCatalogo, ContratoId) VALUES('56623137-1851-4324-A5D4-833CFCE881D7', 'SGB', 'CBRSEG2 - Serviço de aplicativo do Controle de Acesso e Segurança', 'Ativo', 'Serviço de Aplicativo do Controle de Acesso e Segurança', 'Segurança ', 'Desktop', 'Não', 'Delphi', '0001-01-01 00:00:00', 'Sim', NULL);
INSERT INTO Software (Id, ProdutoSoftware, Nome, Situacao, Descricao, Segmento, Tipo, LicencaSoftware, Tecnologia, Descontinuado, EntrarCatalogo, ContratoId) VALUES('17D84A42-6BF2-4B07-96E1-A2927B4A7934', 'SGBRendaFixa', 'SGBCMF - Sistema de Controle das Operações Open e Renda Fixa', 'Ativo', 'Sistema de Controle das Operações Open e Renda Fixa', 'Investimentos', 'Desktop', 'Não', 'Delphi', '0001-01-01 00:00:00', 'Sim', NULL);
INSERT INTO Software (Id, ProdutoSoftware, Nome, Situacao, Descricao, Segmento, Tipo, LicencaSoftware, Tecnologia, Descontinuado, EntrarCatalogo, ContratoId) VALUES('E91A9BBA-3179-4D5D-84F7-E8E9E0A7B30F', 'SGBFluxoCaixa', 'SGBFCX - Sistema de Gestão de Fluxo de Caixa', 'Ativo', 'Sistema de Gestão de Fluxo de Caixa', 'Investimentos', 'Desktop', 'Não', 'Delphi', '0001-01-01 00:00:00', 'Sim', NULL);
INSERT INTO Software (Id, ProdutoSoftware, Nome, Situacao, Descricao, Segmento, Tipo, LicencaSoftware, Tecnologia, Descontinuado, EntrarCatalogo, ContratoId) VALUES('0B63B656-7E77-46E0-A59A-26766340AF00', 'SGBFundoInvestimento', 'SGBFND - Sistema de Gestão de Fundos de Investimentos', 'Ativo', 'Sistema de Gestão de Fundos de Investimentos', 'Investimentos', 'Desktop', 'Não', 'Delphi', '0001-01-01 00:00:00', 'Sim', NULL);
INSERT INTO Software (Id, ProdutoSoftware, Nome, Situacao, Descricao, Segmento, Tipo, LicencaSoftware, Tecnologia, Descontinuado, EntrarCatalogo, ContratoId) VALUES('75CBC165-72D4-43CC-8B31-0E3A9BD78D1C', 'SGBIndicadoresFinanceiros', 'SGBIEF - Sistema de Indicadores Econômicos e Financeiros', 'Ativo', 'Sistema de Indicadores Econômicos e Financeiros', 'Investimentos', 'Desktop', 'Não', 'Delphi', '0001-01-01 00:00:00', 'Sim', NULL);
INSERT INTO Software (Id, ProdutoSoftware, Nome, Situacao, Descricao, Segmento, Tipo, LicencaSoftware, Tecnologia, Descontinuado, EntrarCatalogo, ContratoId) VALUES('663064E0-E0AF-4DC4-846F-CD6E7A73CDA6', 'SGBCadastroPublico', 'SGBPUB - Módulo de Base Única de Pessoas', 'Ativo', 'Módulo de Base Única de Pessoas', 'Investimentos', 'Desktop', 'Não', 'Delphi', '0001-01-01 00:00:00', 'Sim', NULL);
INSERT INTO Software (Id, ProdutoSoftware, Nome, Situacao, Descricao, Segmento, Tipo, LicencaSoftware, Tecnologia, Descontinuado, EntrarCatalogo, ContratoId) VALUES('449DD787-E9F6-4EAF-AD42-B8185863907E', 'SGBCompulsório', 'SGBSGC - Sistema de Gestão de Compulsório', 'Ativo', 'Sistema de Gestão de Compulsório', 'Investimentos', 'Desktop', 'Não', 'Delphi', '0001-01-01 00:00:00', 'Sim', NULL);
INSERT INTO Software (Id, ProdutoSoftware, Nome, Situacao, Descricao, Segmento, Tipo, LicencaSoftware, Tecnologia, Descontinuado, EntrarCatalogo, ContratoId) VALUES('53DF3702-1181-444B-8D3C-B3FC46E66C16', 'SGBSWAP', 'SGBSWP - Sistema de Controle das Operações SWAP', 'Ativo', 'Sistema de Controle das Operações SWAP', 'Investimentos', 'Desktop', 'Não', 'Delphi', '0001-01-01 00:00:00', 'Sim', NULL);
INSERT INTO Software (Id, ProdutoSoftware, Nome, Situacao, Descricao, Segmento, Tipo, LicencaSoftware, Tecnologia, Descontinuado, EntrarCatalogo, ContratoId) VALUES('0928A088-D335-4C56-B82B-29EA968B2E6E', 'SGBTabCorporativa', 'SGBTAB - Módulo de Tabela Corporativas', 'Ativo', 'Módulo de Tabela Corporativas', 'Investimentos', 'Desktop', 'Não', 'Delphi', '0001-01-01 00:00:00', 'Sim', NULL);
INSERT INTO Software (Id, ProdutoSoftware, Nome, Situacao, Descricao, Segmento, Tipo, LicencaSoftware, Tecnologia, Descontinuado, EntrarCatalogo, ContratoId) VALUES('7CF64AB9-DB71-428C-9061-55FEA1C8B843', 'SPB', 'SPBADM - Módulo de Administração do SPB', 'Ativo', 'Módulo de Administração do SPB', 'Meios de Pagamentos', 'Desktop', 'Não', 'Delphi', '0001-01-01 00:00:00', 'Sim', NULL);
INSERT INTO Software (Id, ProdutoSoftware, Nome, Situacao, Descricao, Segmento, Tipo, LicencaSoftware, Tecnologia, Descontinuado, EntrarCatalogo, ContratoId) VALUES('B17D2604-3966-468E-A3D3-0DF66573DE44', 'SPB', 'SPBSBE - Módulo de Boletagem do SPB', 'Ativo', 'Módulo de Boletagem do SPB', 'Meios de Pagamentos', 'Desktop', 'Não', 'Delphi', '0001-01-01 00:00:00', 'Sim', NULL);
INSERT INTO Software (Id, ProdutoSoftware, Nome, Situacao, Descricao, Segmento, Tipo, LicencaSoftware, Tecnologia, Descontinuado, EntrarCatalogo, ContratoId) VALUES('6A2E4BAF-0289-48AD-B581-5FDA5578A91B', 'SPB', 'SPBSCM - Módulo de Mensageria do SPB', 'Ativo', 'Módulo de Mensageria do SPB', 'Meios de Pagamentos', 'Desktop', 'Não', '', '0001-01-01 00:00:00', 'Sim', NULL);
INSERT INTO Software (Id, ProdutoSoftware, Nome, Situacao, Descricao, Segmento, Tipo, LicencaSoftware, Tecnologia, Descontinuado, EntrarCatalogo, ContratoId) VALUES('92A4FCB9-E0A2-40B5-97F4-A4A299CECC57', 'SGBReservaBancária', 'SPBSCR - Módulo de Controle de Reserva', 'Ativo', 'Módulo de Controle de Reserva', 'Meios de Pagamentos', 'Desktop', 'Não', 'Delphi', '0001-01-01 00:00:00', 'Sim', NULL);
INSERT INTO Software (Id, ProdutoSoftware, Nome, Situacao, Descricao, Segmento, Tipo, LicencaSoftware, Tecnologia, Descontinuado, EntrarCatalogo, ContratoId) VALUES('6B772C65-0A81-4E36-8444-40FB4B4D1145', 'Poupança', 'PD POUP', 'Ativo', 'Sistema de gestão de poupança', 'Investimentos', 'Desktop', 'Não', 'VB6', '0001-01-01 00:00:00', 'Sim', NULL);
INSERT INTO Software (Id, ProdutoSoftware, Nome, Situacao, Descricao, Segmento, Tipo, LicencaSoftware, Tecnologia, Descontinuado, EntrarCatalogo, ContratoId) VALUES('80FF6F6C-CAE2-4E85-A22F-77E4644CB6EA', 'Poupança', 'Sistema de Poupança WEB', 'Ativo', 'Sistema de gestão de poupança', 'Investimentos', 'web', 'Não', '.NET / NODE', '0001-01-01 00:00:00', 'Sim', NULL);
INSERT INTO Software (Id, ProdutoSoftware, Nome, Situacao, Descricao, Segmento, Tipo, LicencaSoftware, Tecnologia, Descontinuado, EntrarCatalogo, ContratoId) VALUES('12F52031-F8C7-48BF-BC2E-31A51213528A', 'JDBNF', 'JDBNF - Benefíciarios (Módulo NPC)', 'Ativo', 'Módulo Benefíciarios (NPC)', 'Meios de Pagamentos', 'Desktop', 'Sim', 'Delphi', '0001-01-01 00:00:00', 'Sim', NULL);
INSERT INTO Software (Id, ProdutoSoftware, Nome, Situacao, Descricao, Segmento, Tipo, LicencaSoftware, Tecnologia, Descontinuado, EntrarCatalogo, ContratoId) VALUES('7C1709DA-EFB5-4B17-9F87-83E32D72A2B2', 'JDCMP', 'JDCMP', 'Ativo', 'Sistema de gestão da compensação de boletos.', 'Meios de Pagamentos', 'web', 'Sim', 'Externo', '0001-01-01 00:00:00', 'Sim', NULL);
INSERT INTO Software (Id, ProdutoSoftware, Nome, Situacao, Descricao, Segmento, Tipo, LicencaSoftware, Tecnologia, Descontinuado, EntrarCatalogo, ContratoId) VALUES('D0D54829-7664-4B3D-BA10-D6665727E3EA', 'JDCQL', 'JDCQL - Cheque Legal', 'Ativo', 'Serviço de mensageria deve fazer a comunicação entre o site de consulta e a base de informações relacionadas as folhas de cheques, afim de fornecer o status da cártula ao interessado/portador.', 'Meios de Pagamentos', 'Desktop', 'Sim', 'Delphi', '0001-01-01 00:00:00', 'Sim', NULL);
INSERT INTO Software (Id, ProdutoSoftware, Nome, Situacao, Descricao, Segmento, Tipo, LicencaSoftware, Tecnologia, Descontinuado, EntrarCatalogo, ContratoId) VALUES('DFD992ED-16B1-48E7-A5AD-E74143B28D02', 'JDMES', 'JDMES - Mensageria de Câmbio (MÊS CAM)', 'Ativo', 'Cabine de Mensageria - Sistema de Câmbio', 'Meios de Pagamentos', 'Desktop', 'Sim', 'Delphi', '0001-01-01 00:00:00', 'Sim', NULL);
INSERT INTO Software (Id, ProdutoSoftware, Nome, Situacao, Descricao, Segmento, Tipo, LicencaSoftware, Tecnologia, Descontinuado, EntrarCatalogo, ContratoId) VALUES('8B24CAFF-DB7E-4157-8EB2-F86EE4CB68D1', 'JDNPC', 'JDNPC - Nova Plataforma de Cobrança', 'Ativo', 'Nova plataforma de Cobrança', 'Meios de Pagamentos', 'web', 'Sim', 'Delphi', '0001-01-01 00:00:00', 'Sim', NULL);
INSERT INTO Software (Id, ProdutoSoftware, Nome, Situacao, Descricao, Segmento, Tipo, LicencaSoftware, Tecnologia, Descontinuado, EntrarCatalogo, ContratoId) VALUES('048127D9-1073-46BC-ABDC-0DB8925C4BD8', 'JDPI', 'JDPI', 'Ativo', 'Serviço de Gestão do Pagamento Instantâneo', 'PIX', 'web', 'Sim', 'C# ', '0001-01-01 00:00:00', 'Sim', NULL);
INSERT INTO Software (Id, ProdutoSoftware, Nome, Situacao, Descricao, Segmento, Tipo, LicencaSoftware, Tecnologia, Descontinuado, EntrarCatalogo, ContratoId) VALUES('97ADFF7D-91CC-4F28-899D-03A2CCDDA3CD', 'JDSLC', 'JDSLC - Serviço de Liquidação Centralizada (SLC)', 'Ativo', 'Cabine de Mensageria - Serviço de Liquidação Centralizada', 'Meios de Pagamentos', 'Desktop', 'Sim', 'Delphi', '0001-01-01 00:00:00', 'Sim', NULL);
INSERT INTO Software (Id, ProdutoSoftware, Nome, Situacao, Descricao, Segmento, Tipo, LicencaSoftware, Tecnologia, Descontinuado, EntrarCatalogo, ContratoId) VALUES('84985C16-3532-4DD5-ABBB-8AD8214F0176', 'Cartões', 'Cartões (WEB) - Cartão Magnético e Smartcard', 'Ativo', 'Sistema que controla o estoque de cartões magnéticos, desde a sua solicitação até seu cancelamento ou vencimento, mantendo controle por tipo de cartão, por titular/co-titular e via, mantendo interfaces com Automação Bancária, contas correntes, Poupança (e outros produtos) e fornecedores responsáveis pela personalização.', 'Meios de Pagamentos', 'web', 'Não', 'Java, JBoss, Tomcat, Controles OCX, Socket (mswinsck.ocx), Java Script, API do Windows, DLL de terceiros, Certificados digitais, Web Services.', '0001-01-01 00:00:00', 'Sim', NULL);
INSERT INTO Software (Id, ProdutoSoftware, Nome, Situacao, Descricao, Segmento, Tipo, LicencaSoftware, Tecnologia, Descontinuado, EntrarCatalogo, ContratoId) VALUES('16501FFF-AFDE-4CF0-A7F9-05B4D8265812', 'CDBGOV', 'CDB Governo', 'Ativo', 'É um produto destinado a aplicação de recursos de instituições governamentais, tanto do executivo, quanto do legislativo e judiciário, bem como de autarquias, fundações e outras instituições da administração direta e indireta do setor governo, somos favoráveis a renovação do contrato devido o sistema CDB GOV ser essencial para a continuidade das atividades do BANCO assim como a necessidade de prestação contínua destes serviços; Certificado de Depósito Bancário - Governo', 'Investimentos', 'web', 'Não', 'Java, JBoss, Tomcat, Controles OCX, Socket (mswinsck.ocx), Java Script, API do Windows, DLL de terceiros, Certificados digitais, Web Services.', '0001-01-01 00:00:00', 'Sim', NULL);
INSERT INTO Software (Id, ProdutoSoftware, Nome, Situacao, Descricao, Segmento, Tipo, LicencaSoftware, Tecnologia, Descontinuado, EntrarCatalogo, ContratoId) VALUES('41FDF07A-7603-4E0C-BA6E-2841AE4F90E4', 'CDBGOV', 'CDB Governo WEB', 'Ativo', 'É um produto destinado a aplicação de recursos de instituições governamentais, tanto do executivo, quanto do legislativo e judiciário, bem como de autarquias, fundações e outras instituições da administração direta e indireta do setor governo, somos favoráveis a renovação do contrato devido o sistema CDB GOV ser essencial para a continuidade das atividades do BANCO assim como a necessidade de prestação contínua destes serviços; Certificado de Depósito Bancário - Governo', 'Meios de Pagamentos', 'web', 'Não', 'Java, JBoss, Tomcat, Controles OCX, Socket (mswinsck.ocx), Java Script, API do Windows, DLL de terceiros, Certificados digitais, Web Services.', '0001-01-01 00:00:00', 'Sim', NULL);
INSERT INTO Software (Id, ProdutoSoftware, Nome, Situacao, Descricao, Segmento, Tipo, LicencaSoftware, Tecnologia, Descontinuado, EntrarCatalogo, ContratoId) VALUES('CE0B58DE-1287-49DD-B419-BC8739E42648', 'ContaMais', ' Conta Mais', 'Ativo', 'Sistema de Rendimento Financeiro em Conta Corrente. Sistema responsável por remunerar a conta corrente de pessoa física ou jurídica, com aplicação automática a partir de um valor mínimo e resgate automático sempre que houver necessidade de cobertura na conta corrente do cliente.', 'Investimentos', 'web', 'Não', 'Java, JBoss, Tomcat, Controles OCX, Socket (mswinsck.ocx), Java Script, API do Windows, DLL de terceiros, Certificados digitais, Web Services.', '0001-01-01 00:00:00', 'Sim', NULL);
INSERT INTO Software (Id, ProdutoSoftware, Nome, Situacao, Descricao, Segmento, Tipo, LicencaSoftware, Tecnologia, Descontinuado, EntrarCatalogo, ContratoId) VALUES('02E4046F-DE86-45B4-AF44-0C35D005D53F', 'Arrecadação', 'Módulo Gestor - Arrecadação', 'Ativo', 'Sistema de Arrecadação de Titulos', 'Meios de Pagamentos', 'web', 'Não', 'Java, JBoss, Tomcat, Controles OCX, Socket (mswinsck.ocx), Java Script, API do Windows, DLL de terceiros, Certificados digitais, Web Services.', '0001-01-01 00:00:00', 'Sim', NULL);
INSERT INTO Software (Id, ProdutoSoftware, Nome, Situacao, Descricao, Segmento, Tipo, LicencaSoftware, Tecnologia, Descontinuado, EntrarCatalogo, ContratoId) VALUES('E43886F3-8AC0-497B-A05F-301C8632DE5B', 'Cartões', 'SGC - Serviço Gerenciador de Cartões', 'Ativo', 'Serviço que disponibiliza as funcionalidades de Solicitação, Ativação, Tarifação, Cancelamento e Reativação para os cartões: Bolsa Trabalho, Conta Corrente Pessoa Física, Poupança, Combustível, Combustível Extra, Suprimento de Fundos, Funcional, Conta Salário, Seguro Social (INSS), Feira do Livro, Bolsa Cidadã Barcarena, Empresarial, Institucional (Sipae) e BPC (INSS), de forma online.', 'Meios de Pagamentos', 'web', 'Não', 'Delphi', '0001-01-01 00:00:00', 'Sim', NULL);
INSERT INTO Software (Id, ProdutoSoftware, Nome, Situacao, Descricao, Segmento, Tipo, LicencaSoftware, Tecnologia, Descontinuado, EntrarCatalogo, ContratoId) VALUES('04EEF24F-1817-4420-BAAB-6CC511EABDDA', 'SIAFEM', 'SIAFEM', 'Ativo', 'Sistema Integrado de Administração Financeira para Estados e Municipios. Sistema de execução de liquidações de ordens bancárias, emitidas pelos órgãos da administração estadual e municipal, através de troca de arquivos (ida e volta) em meio magnético, com o CPD da Secretaria da Fazenda Estadual para pagamento de despesas efetuadas pelos mesmos.', 'Meios de Pagamentos', 'web', 'Não', 'Java, JBoss, Tomcat, Controles OCX, Socket (mswinsck.ocx), Java Script, API do Windows, DLL de terceiros, Certificados digitais, Web Services.', '0001-01-01 00:00:00', 'Sim', NULL);
INSERT INTO Software (Id, ProdutoSoftware, Nome, Situacao, Descricao, Segmento, Tipo, LicencaSoftware, Tecnologia, Descontinuado, EntrarCatalogo, ContratoId) VALUES('79923181-73F2-4BD7-B5D4-FECE036E041F', 'SIAFEM', 'SIAFEM WEB', 'Ativo', 'Sistema Integrado de Administração Financeira para Estads e Municipios. Sistema de execução de liquidações de ordens bancárias, emitidas pelos órgãos da administração estadual e municipal, através de troca de arquivos (ida e volta) em meio magnético, com o CPD da Secretaria da Fazenda Estadual para pagamento de despesas efetuadas pelos mesmos.', 'Meios de Pagamentos', 'web', 'Não', 'Java, JBoss, Tomcat, Controles OCX, Socket (mswinsck.ocx), Java Script, API do Windows, DLL de terceiros, Certificados digitais, Web Services.', '0001-01-01 00:00:00', 'Sim', NULL);
INSERT INTO Software (Id, ProdutoSoftware, Nome, Situacao, Descricao, Segmento, Tipo, LicencaSoftware, Tecnologia, Descontinuado, EntrarCatalogo, ContratoId) VALUES('297DD819-B19C-4084-A1DB-59A9A69078F4', 'Siscard', 'Siscard - Cadastro de Propostas', 'Ativo', 'O sistema gerencia as propostas de cartões de crédito, fornecendo funcionalidades para controle dos Gestores e das Agências para tomadas de decisão e mensuração da distribuição do produto.', 'Meios de Pagamentos', 'web', 'Não', 'Java, JBoss, Tomcat, Controles OCX, Socket (mswinsck.ocx), Java Script, API do Windows, DLL de terceiros, Certificados digitais, Web Services.', '0001-01-01 00:00:00', 'Sim', NULL);
INSERT INTO Software (Id, ProdutoSoftware, Nome, Situacao, Descricao, Segmento, Tipo, LicencaSoftware, Tecnologia, Descontinuado, EntrarCatalogo, ContratoId) VALUES('D37E8BB3-B06D-4B9B-8531-C01B546EC8CD', 'SLC', 'SLC - Serviço de Liquidação de Cartões', 'Ativo', 'Serviço de liquidação de cartões ', 'Meios de Pagamentos', 'Serviço', 'Não', 'Java, JBoss, Tomcat, Controles OCX, Socket (mswinsck.ocx), Java Script, API do Windows, DLL de terceiros, Certificados digitais, Web Services.', '0001-01-01 00:00:00', 'Sim', NULL);
INSERT INTO Software (Id, ProdutoSoftware, Nome, Situacao, Descricao, Segmento, Tipo, LicencaSoftware, Tecnologia, Descontinuado, EntrarCatalogo, ContratoId) VALUES('B9BC84BC-8A9B-469A-81D4-BB1C6EFEE2EE', 'Talonário', 'Talonários', 'Ativo', 'Gestão de talonários de cheque', 'Meios de Pagamentos', 'web', 'Não', 'Java, JBoss, Tomcat, Controles OCX, Socket (mswinsck.ocx), Java Script, API do Windows, DLL de terceiros, Certificados digitais, Web Services.', '0001-01-01 00:00:00', 'Sim', NULL);
INSERT INTO Software (Id, ProdutoSoftware, Nome, Situacao, Descricao, Segmento, Tipo, LicencaSoftware, Tecnologia, Descontinuado, EntrarCatalogo, ContratoId) VALUES('24798427-8E13-4CCE-9BEC-61B9F885C61D', 'Talonário', 'TCH', 'Ativo', NULL, '', 'web', 'Não', 'Java, JBoss, Tomcat, Controles OCX, Socket (mswinsck.ocx), Java Script, API do Windows, DLL de terceiros, Certificados digitais, Web Services.', '0001-01-01 00:00:00', 'Sim', NULL);
INSERT INTO Software (Id, ProdutoSoftware, Nome, Situacao, Descricao, Segmento, Tipo, LicencaSoftware, Tecnologia, Descontinuado, EntrarCatalogo, ContratoId) VALUES('A5C07F43-713D-4779-8569-BF73C42152FB', 'CRB', 'CRB - Gestão de Boletos', 'Ativo', 'Sistema de registro de boletos Banpara', 'Meios de Pagamentos', 'web', 'Não', 'Java, JBoss, Tomcat, Controles OCX, Socket (mswinsck.ocx), Java Script, API do Windows, DLL de terceiros, Certificados digitais, Web Services.', '0001-01-01 00:00:00', 'Sim', NULL);
INSERT INTO Software (Id, ProdutoSoftware, Nome, Situacao, Descricao, Segmento, Tipo, LicencaSoftware, Tecnologia, Descontinuado, EntrarCatalogo, ContratoId) VALUES('968B98B9-CC60-4C18-AEB8-B9B11145DFE4', 'FlexDocCompensação', 'Flex Imagem - Compensação', 'Ativo', 'Sistema de  digitalização de cheques ', 'Meios de Pagamentos', 'web', 'Sim', 'Delphi', '0001-01-01 00:00:00', 'Sim', NULL);
INSERT INTO Software (Id, ProdutoSoftware, Nome, Situacao, Descricao, Segmento, Tipo, LicencaSoftware, Tecnologia, Descontinuado, EntrarCatalogo, ContratoId) VALUES('487CE933-E84A-496F-ABA6-6CA6FEAC32D2', 'GSB', 'GSB - GESTOR DE SEGUROS BANPARÁ', 'Ativo', 'Gestão de Seguros Banpará', 'Seguros', 'web', 'Não', 'C#.NET', '0001-01-01 00:00:00', 'Sim', NULL);
INSERT INTO Software (Id, ProdutoSoftware, Nome, Situacao, Descricao, Segmento, Tipo, LicencaSoftware, Tecnologia, Descontinuado, EntrarCatalogo, ContratoId) VALUES('714B0281-C47C-4B4C-A0E0-A5AD45A2CB40', 'HSM', 'HSM', 'Ativo', 'Sistema de gestão de senha numérica e validação do EMV de Smartcards', 'Meios de Pagamentos', 'Serviço', 'Não', 'Visual Studio .Net Core', '0001-01-01 00:00:00', 'Sim', NULL);
INSERT INTO Software (Id, ProdutoSoftware, Nome, Situacao, Descricao, Segmento, Tipo, LicencaSoftware, Tecnologia, Descontinuado, EntrarCatalogo, ContratoId) VALUES('6F60E9D7-0E94-4352-B50D-4D00A72DDB32', 'Capitalização', 'BANPARACAP - Capitalização', 'Ativo', 'Título de captalização do Banpara', 'Seguros', 'web', 'Não', 'PL_SQL', '0001-01-01 00:00:00', 'Sim', NULL);
INSERT INTO Software (Id, ProdutoSoftware, Nome, Situacao, Descricao, Segmento, Tipo, LicencaSoftware, Tecnologia, Descontinuado, EntrarCatalogo, ContratoId) VALUES('4CE6731F-9243-415A-B78F-72A4329FD3E9', 'PerfilInvestidor', 'Sistema de Analise de Perfil de Investidor - API', 'Ativo', 'Sistema de Analise de Perfil de Investidor', 'Investimentos', 'web', 'Não', '', '0001-01-01 00:00:00', 'Sim', NULL);
INSERT INTO Software (Id, ProdutoSoftware, Nome, Situacao, Descricao, Segmento, Tipo, LicencaSoftware, Tecnologia, Descontinuado, EntrarCatalogo, ContratoId) VALUES('D1BE1CFC-2708-4A5A-9B86-8FC1CC64C606', 'SuprimentoFundos', 'Suprimento de Fundos', 'Ativo', 'Sistema de movimentação e controle de recursos financeiros destinados a suprir pequenas despesas, por meio de cartão magnético, a ser utilizado inicialmente nos terminais de autoatendimento Banpará. ', 'Meios de Pagamentos', 'web', 'Não', '.NET', '0001-01-01 00:00:00', 'Sim', NULL);
INSERT INTO Software (Id, ProdutoSoftware, Nome, Situacao, Descricao, Segmento, Tipo, LicencaSoftware, Tecnologia, Descontinuado, EntrarCatalogo, ContratoId) VALUES('E120CF3B-C348-478A-88B4-84AFBDFC5128', 'Câmbio', 'Sistema de Câmbio', 'Ativo', 'Responsável por realizar todas as operações cambiais em moeda estrangeira do banco. Onde mantem do registro até efetivação de operações de câmbio junto ao SISBACEN, monitorando restrições nacionais e internacionais de cliente, integrando com serviço de mensageria de câmbio SISBACEN e comunicação internacional via SWIFT', 'Cambio', 'Desktop', 'Sim', 'Delphi', '0001-01-01 00:00:00', 'Sim', NULL);
INSERT INTO Software (Id, ProdutoSoftware, Nome, Situacao, Descricao, Segmento, Tipo, LicencaSoftware, Tecnologia, Descontinuado, EntrarCatalogo, ContratoId) VALUES('9C2AED4B-5AD8-4E72-AE6C-4FD0C90C351A', 'Câmbio', 'Sistema de Câmbio WEB', 'Ativo', 'Responsável por realizar todas as operações cambiais em moeda estrangeira do banco. Onde mantem do registro até efetivação de operações de câmbio junto ao SISBACEN, monitorando restrições nacionais e internacionais de cliente, integrando com serviço de mensageria de câmbio SISBACEN e comunicação internacional via SWIFT', 'Cambio', 'web', 'Sim', '', '0001-01-01 00:00:00', 'Sim', NULL);
INSERT INTO Software (Id, ProdutoSoftware, Nome, Situacao, Descricao, Segmento, Tipo, LicencaSoftware, Tecnologia, Descontinuado, EntrarCatalogo, ContratoId) VALUES('1063B3D6-47BE-4D52-8C48-F14E6B80D9CB', 'CartãoCrédito', 'Cartão de Crédito MasterCard - CSU VISIO', 'Ativo', 'Cartão de Crédito MasterCard', 'Meios de Pagamentos', 'web', 'Não', 'Externo', '0001-01-01 00:00:00', 'Sim', NULL);
INSERT INTO Software (Id, ProdutoSoftware, Nome, Situacao, Descricao, Segmento, Tipo, LicencaSoftware, Tecnologia, Descontinuado, EntrarCatalogo, ContratoId) VALUES('B21EE254-C587-42F6-98E5-C624D8A99B43', 'Multicard', 'Multicard - Cartão Múltiplo', 'Ativo', 'Sistema de Gestão do cartao múltiplo', 'Meios de Pagamentos', 'web', 'Não', 'C#.NET', '0001-01-01 00:00:00', 'Sim', NULL);
INSERT INTO Software (Id, ProdutoSoftware, Nome, Situacao, Descricao, Segmento, Tipo, LicencaSoftware, Tecnologia, Descontinuado, EntrarCatalogo, ContratoId) VALUES('856F3936-FED6-478C-9FE9-2743720A9DA6', 'BCARD', ' BCARD', 'Ativo', 'Bandeira do cartão de debito do Banpara (Sendo descontinuado)', 'Meios de Pagamentos', 'Desktop', 'Não', 'PL_SQL', '0001-01-01 00:00:00', 'Sim', NULL);
INSERT INTO Software (Id, ProdutoSoftware, Nome, Situacao, Descricao, Segmento, Tipo, LicencaSoftware, Tecnologia, Descontinuado, EntrarCatalogo, ContratoId) VALUES('3A5B881C-0B95-4532-87F2-D00B290D3CCF', 'BCARD', 'Bcard Fidelidade', 'Descontinuado', NULL, 'Meios de Pagamentos', 'Desktop', 'Não', '', '0001-01-01 00:00:00', 'Não', NULL);